{"cameraMode":{"drawMode":0,"name":"Shaded","section":"Shading Mode"},"sceneLighting":true,"audioPlay":false,"sceneViewState":{"m_AlwaysRefresh":false,"showFog":true,"showSkybox":false,"showFlares":true,"showImageEffects":true,"showParticleSystems":true,"showVisualEffectGraphs":true,"m_FxEnabled":true},"in2DMode":false,"pivot":{"x":0.15000009536743165,"y":-0.7218704223632813,"z":-0.20953035354614259},"rotation":{"x":-0.5512184500694275,"y":0.01884128898382187,"z":-0.011855396442115307,"w":-0.8343618512153626},"size":2.36602520942688,"orthographic":false}