{"cameraMode":{"drawMode":0,"name":"Shaded","section":"Shading Mode"},"sceneLighting":false,"audioPlay":false,"sceneViewState":{"m_AlwaysRefresh":false,"showFog":true,"showSkybox":false,"showFlares":true,"showImageEffects":true,"showParticleSystems":true,"showVisualEffectGraphs":true,"m_FxEnabled":true},"in2DMode":false,"pivot":{"x":0.7655952572822571,"y":0.9754153490066528,"z":-0.32470569014549258},"rotation":{"x":-0.45018550753593447,"y":-0.49665066599845889,"z":0.3394201993942261,"w":-0.6602746844291687},"size":1.9598652124404908,"orthographic":true}