{"cameraMode":{"drawMode":0,"name":"Shaded","section":"Shading Mode"},"sceneLighting":false,"audioPlay":false,"sceneViewState":{"m_AlwaysRefresh":false,"showFog":true,"showSkybox":false,"showFlares":true,"showImageEffects":true,"showParticleSystems":true,"showVisualEffectGraphs":true,"m_FxEnabled":true},"in2DMode":false,"pivot":{"x":0.28125202655792239,"y":0.5061757564544678,"z":0.7499582171440125},"rotation":{"x":-0.2380840927362442,"y":-0.7199093103408814,"z":0.2951190173625946,"w":-0.5817569494247437},"size":1.4653126001358033,"orthographic":false}