{"cameraMode":{"drawMode":0,"name":"Shaded","section":"Shading Mode"},"sceneLighting":true,"audioPlay":false,"sceneViewState":{"m_AlwaysRefresh":false,"showFog":true,"showSkybox":true,"showFlares":true,"showImageEffects":true,"showParticleSystems":true,"showVisualEffectGraphs":true,"m_FxEnabled":true},"in2DMode":false,"pivot":{"x":32.944358825683597,"y":-15.134481430053711,"z":27.09071922302246},"rotation":{"x":-0.5001164674758911,"y":0.02463623322546482,"z":-0.013825410045683384,"w":-0.8657806515693665},"size":18.674942016601564,"orthographic":false}