{"cameraMode":{"drawMode":0,"name":"Shaded","section":"Shading Mode"},"sceneLighting":true,"audioPlay":false,"sceneViewState":{"m_AlwaysRefresh":false,"showFog":true,"showSkybox":false,"showFlares":true,"showImageEffects":true,"showParticleSystems":true,"showVisualEffectGraphs":true,"m_FxEnabled":true},"in2DMode":false,"pivot":{"x":0.1099998950958252,"y":1.3399999141693116,"z":0.02500009536743164},"rotation":{"x":0.4558226466178894,"y":0.11112847924232483,"z":-0.05798311531543732,"w":0.8814535140991211},"size":4.849742412567139,"orthographic":false}