{"cameraMode":{"drawMode":0,"name":"Shaded","section":"Shading Mode"},"sceneLighting":true,"audioPlay":false,"sceneViewState":{"m_AlwaysRefresh":false,"showFog":true,"showSkybox":false,"showFlares":true,"showImageEffects":true,"showParticleSystems":true,"showVisualEffectGraphs":true,"m_FxEnabled":true},"in2DMode":false,"pivot":{"x":-0.1099998950958252,"y":1.4500000476837159,"z":-0.015000104904174805},"rotation":{"x":0.5112713575363159,"y":0.07405934482812882,"z":-0.04480801150202751,"w":0.8553099036216736},"size":4.849742412567139,"orthographic":false}