{"cameraMode":{"drawMode":0,"name":"Shaded","section":"Shading Mode"},"sceneLighting":false,"audioPlay":false,"sceneViewState":{"m_AlwaysRefresh":false,"showFog":true,"showSkybox":false,"showFlares":true,"showImageEffects":true,"showParticleSystems":true,"showVisualEffectGraphs":true,"m_FxEnabled":true},"in2DMode":false,"pivot":{"x":0.15161725878715516,"y":1.3449134826660157,"z":-0.07072210311889649},"rotation":{"x":-0.3205091655254364,"y":0.014154905453324318,"z":-0.004701567813754082,"w":-0.9471918940544128},"size":1.9799072742462159,"orthographic":false}